asset,free,locked
BTC,2.41491575,0.0
ETH,23.99998533,0.0
USDT,0.0,0.0
