asset,free,locked
BTC,1.76744164,0.0
ETH,14.36213603,0.0
USDT,0.0,0.0
